{
  "title": "local-ai-docker",
  "category": "secure_note",
  "fields": [
    {
      "label": "MONGO_INITDB_ROOT_USERNAME",
      "value": "admin",
      "type": "string"
    },
    {
      "label": "MONGO_INITDB_ROOT_PASSWORD",
      "value": "pantry-herbal-plywood-strobe-agency",
      "type": "concealed"
    },
    {
      "label": "MONGO_APP_DATABASE",
      "value": "dockling",
      "type": "string"
    },
    {
      "label": "MONGO_APP_USERNAME",
      "value": "dockling",
      "type": "string"
    },
    {
      "label": "MONGO_APP_PASSWORD",
      "value": "sullen-come-nylon-arrogant",
      "type": "concealed"
    },
    {
      "label": "MONGO_PORT",
      "value": "27017",
      "type": "string"
    },
    {
      "label": "NEO4J_USER",
      "value": "neo4j",
      "type": "string"
    },
    {
      "label": "NEO4J_PASSWORD",
      "value": "fleshed-counting-profound-unaired",
      "type": "concealed"
    },
    {
      "label": "NEO4J_HTTP_PORT",
      "value": "7474",
      "type": "string"
    },
    {
      "label": "NEO4J_BOLT_PORT",
      "value": "7687",
      "type": "string"
    },
    {
      "label": "NEO4J_PAGECACHE_SIZE",
      "value": "512M",
      "type": "string"
    },
    {
      "label": "NEO4J_HEAP_INITIAL",
      "value": "512M",
      "type": "string"
    },
    {
      "label": "NEO4J_HEAP_MAX",
      "value": "1G",
      "type": "string"
    },
    {
      "label": "DOCKERHUB_USERNAME",
      "value": "jaewilson07",
      "type": "string"
    },
    {
      "label": "DOCKERHUB_PAT",
      "value": "dckr_pat_2h_mWgThNJK30Olq3JPz0Vm5Rzg",
      "type": "concealed"
    }
  ],
  "notes": "Environment variables for local-ai-docker",
  "tags": [
    "docker",
    "environment",
    "local-ai"
  ]
}